{
  "width": 20,
  "height": 15,
  "probabilities": [
    [
      0.5,
      0.95,
      0.75,
      0.5,
      0.5,
      0.5,
      0.5,
      0.5,
      0.5,
      0.5,
      0.5,
      0.5,
      0.5,
      0.5,
      0.5,
      0.5,
      0.5,
      0.5,
      0.5,
      0.5
    ],
    [
      0.5,
      0.3,
      0.3,
      0.3,
      0.3,
      0.3,
      0.55,
      0.3,
      0.3,
      0.3,
      0.3,
      0.95,
      0.3,
      0.05,
      0.05,
      0.05,
      0.05,
      0.05,
      0.95,
      0.5
    ],
    [
      0.5,
      0.95,
      0.05,
      0.05,
      0.05,
      0.05,
      0.05,
      0.05,
      0.05,
      0.05,
      0.05,
      0.05,
      0.05,
      0.05,
      0.05,
      0.05,
      0.05,
      0.05,
      0.95,
      0.5
    ],
    [
      0.5,
      0.95,
      0.05,
      0.05,
      0.05,
      0.05,
      0.05,
      0.05,
      0.05,
      0.05,
      0.05,
      0.05,
      0.05,
      0.19999999999999998,
      0.19999999999999998,
      0.19999999999999998,
      0.19999999999999998,
      0.19999999999999998,
      0.95,
      0.5
    ],
    [
      0.5,
      0.95,
      0.05,
      0.05,
      0.05,
      0.05,
      0.05,
      0.05,
      0.05,
      0.05,
      0.05,
      0.05,
      0.05,
      0.19999999999999998,
      0.19999999999999998,
      0.19999999999999998,
      0.19999999999999998,
      0.19999999999999998,
      0.95,
      0.5
    ],
    [
      0.5,
      0.44999999999999996,
      0.05,
      0.19999999999999998,
      0.19999999999999998,
      0.19999999999999998,
      0.05,
      0.19999999999999998,
      0.19999999999999998,
      0.6,
      0.6,
      0.05,
      0.19999999999999998,
      0.35,
      0.35,
      0.35,
      0.35,
      0.35,
      0.75,
      0.5
    ],
    [
      0.5,
      0.19999999999999998,
      0.05,
      0.35,
      0.35,
      0.35,
      0.05,
      0.35,
      0.35,
      0.5,
      0.75,
      0.05,
      0.19999999999999998,
      0.35,
      0.35,
      0.35,
      0.35,
      0.35,
      0.75,
      0.5
    ],
    [
      0.5,
      0.19999999999999998,
      0.05,
      0.35,
      0.35,
      0.35,
      0.05,
      0.35,
      0.35,
      0.5,
      0.75,
      0.05,
      0.05,
      0.05,
      0.05,
      0.05,
      0.05,
      0.05,
      0.95,
      0.5
    ],
    [
      0.5,
      0.19999999999999998,
      0.05,
      0.35,
      0.35,
      0.35,
      0.05,
      0.35,
      0.35,
      0.5,
      0.5,
      0.05,
      0.35,
      0.5,
      0.5,
      0.5,
      0.5,
      0.5,
      0.5,
      0.5
    ],
    [
      0.5,
      0.19999999999999998,
      0.05,
      0.35,
      0.35,
      0.35,
      0.05,
      0.35,
      0.35,
      0.5,
      0.5,
      0.05,
      0.35,
      0.5,
      0.5,
      0.5,
      0.5,
      0.5,
      0.5,
      0.5
    ],
    [
      0.5,
      0.19999999999999998,
      0.05,
      0.35,
      0.35,
      0.35,
      0.05,
      0.35,
      0.35,
      0.5,
      0.5,
      0.05,
      0.35,
      0.5,
      0.5,
      0.5,
      0.5,
      0.5,
      0.5,
      0.5
    ],
    [
      0.5,
      0.19999999999999998,
      0.05,
      0.35,
      0.35,
      0.35,
      0.05,
      0.35,
      0.35,
      0.5,
      0.5,
      0.05,
      0.35,
      0.5,
      0.5,
      0.5,
      0.5,
      0.5,
      0.5,
      0.5
    ],
    [
      0.5,
      0.19999999999999998,
      0.05,
      0.35,
      0.35,
      0.35,
      0.05,
      0.35,
      0.35,
      0.5,
      0.5,
      0.05,
      0.35,
      0.5,
      0.5,
      0.5,
      0.5,
      0.5,
      0.5,
      0.5
    ],
    [
      0.5,
      0.95,
      0.95,
      0.75,
      0.75,
      0.75,
      0.95,
      0.75,
      0.75,
      0.5,
      0.5,
      0.95,
      0.75,
      0.5,
      0.5,
      0.5,
      0.5,
      0.5,
      0.5,
      0.5
    ],
    [
      0.5,
      0.5,
      0.5,
      0.5,
      0.5,
      0.5,
      0.5,
      0.5,
      0.5,
      0.5,
      0.5,
      0.5,
      0.5,
      0.5,
      0.5,
      0.5,
      0.5,
      0.5,
      0.5,
      0.5
    ]
  ],
  "config": {
    "unknown_probability": 0.5,
    "free_update": -0.15,
    "occupied_update": 0.25,
    "min_probability": 0.05,
    "max_probability": 0.95,
    "occupied_threshold": 0.65,
    "free_threshold": 0.35
  }
}